{"cameraMode":{"drawMode":0,"name":"Shaded","section":"Shading Mode"},"sceneLighting":false,"audioPlay":false,"sceneViewState":{"showFog":true,"showMaterialUpdate":true,"showSkybox":false,"showFlares":true,"showImageEffects":true,"showParticleSystems":true},"in2DMode":false,"pivot":{"x":0.619248628616333,"y":4.5597124099731449,"z":2.4380874633789064},"rotation":{"x":0.16189159452915193,"y":0.21105708181858064,"z":-0.03546944633126259,"w":0.9633219838142395},"size":6.8959269523620609,"orthographic":false}