{"cameraMode":{"drawMode":0,"name":"Shaded","section":"Shading Mode"},"sceneLighting":false,"audioPlay":false,"sceneViewState":{"showFog":true,"showMaterialUpdate":true,"showSkybox":true,"showFlares":true,"showImageEffects":true,"showParticleSystems":true},"in2DMode":false,"pivot":{"x":-14.861161231994629,"y":28.764984130859376,"z":31.069286346435548},"rotation":{"x":0.41981345415115359,"y":-0.14730410277843476,"z":0.06925702095031738,"w":0.8928966522216797},"size":48.740211486816409,"orthographic":false}