{"cameraMode":{"drawMode":0,"name":"Shaded","section":"Shading Mode"},"sceneLighting":false,"audioPlay":false,"sceneViewState":{"showFog":true,"showMaterialUpdate":true,"showSkybox":true,"showFlares":true,"showImageEffects":true,"showParticleSystems":true},"in2DMode":false,"pivot":{"x":-4.948953628540039,"y":-1.644327163696289,"z":115.36296081542969},"rotation":{"x":0.3491121232509613,"y":-0.4575008153915405,"z":0.20151397585868836,"w":0.7925952672958374},"size":85.8709487915039,"orthographic":false}