{"cameraMode":{"drawMode":0,"name":"Shaded","section":"Shading Mode"},"sceneLighting":false,"audioPlay":false,"sceneViewState":{"showFog":true,"showMaterialUpdate":true,"showSkybox":true,"showFlares":true,"showImageEffects":true,"showParticleSystems":true},"in2DMode":false,"pivot":{"x":8.852749824523926,"y":-7.8793745040893559,"z":-16.433536529541017},"rotation":{"x":0.2695113718509674,"y":0.6841241121292114,"z":-0.6054994463920593,"w":0.304534375667572},"size":41.63983917236328,"orthographic":true}