{"cameraMode":{"drawMode":0,"name":"Shaded","section":"Shading Mode"},"sceneLighting":false,"audioPlay":false,"sceneViewState":{"showFog":true,"showMaterialUpdate":true,"showSkybox":false,"showFlares":true,"showImageEffects":true,"showParticleSystems":true},"in2DMode":false,"pivot":{"x":-0.4394206404685974,"y":5.056746959686279,"z":-0.18986272811889649},"rotation":{"x":-0.00213921582326293,"y":0.9977356791496277,"z":-0.038931120187044147,"w":-0.05481945350766182},"size":4.601075649261475,"orthographic":false}