{"cameraMode":{"drawMode":0,"name":"Shaded","section":"Shading Mode"},"sceneLighting":false,"audioPlay":false,"sceneViewState":{"showFog":true,"showMaterialUpdate":true,"showSkybox":true,"showFlares":true,"showImageEffects":true,"showParticleSystems":true},"in2DMode":false,"pivot":{"x":6.30247688293457,"y":18.059234619140626,"z":9.58591079711914},"rotation":{"x":0.528247058391571,"y":-0.3183203935623169,"z":0.2227165400981903,"w":0.755001425743103},"size":110.32328796386719,"orthographic":false}