{"cameraMode":{"drawMode":0,"name":"Shaded","section":"Shading Mode"},"sceneLighting":false,"audioPlay":false,"sceneViewState":{"showFog":true,"showMaterialUpdate":true,"showSkybox":true,"showFlares":true,"showImageEffects":true,"showParticleSystems":true},"in2DMode":false,"pivot":{"x":-2.7427940368652345,"y":14.277698516845704,"z":13.812753677368164},"rotation":{"x":0.29656606912612917,"y":-0.5632979273796082,"z":0.22662217915058137,"w":0.7371489405632019},"size":79.67779541015625,"orthographic":false}