{"cameraMode":{"drawMode":0,"name":"Shaded","section":"Shading Mode"},"sceneLighting":false,"audioPlay":false,"sceneViewState":{"showFog":true,"showMaterialUpdate":true,"showSkybox":true,"showFlares":true,"showImageEffects":true,"showParticleSystems":true},"in2DMode":false,"pivot":{"x":-6.323040008544922,"y":-20.726211547851564,"z":-5.55381965637207},"rotation":{"x":0.22036972641944886,"y":-0.7730712294578552,"z":0.4738657474517822,"w":0.35951459407806399},"size":74.08131408691406,"orthographic":false}